--------------------------------------------------------
--  File created - Сряда-Юли-02-2025   
--------------------------------------------------------
--------------------------------------------------------
--  DDL for Sequence M_ID
--------------------------------------------------------

   CREATE SEQUENCE  "MARTI"."M_ID"  MINVALUE 1 MAXVALUE 9999999999999999999999999999 INCREMENT BY 1 START WITH 233 NOCACHE  ORDER  NOCYCLE ;
--------------------------------------------------------
--  DDL for Sequence POS_EMPLO
--------------------------------------------------------

   CREATE SEQUENCE  "MARTI"."POS_EMPLO"  MINVALUE 1 MAXVALUE 9999999999999999999999999999 INCREMENT BY 1 START WITH 53 NOCACHE  ORDER  NOCYCLE ;
--------------------------------------------------------
--  DDL for Sequence POS_ORDERS
--------------------------------------------------------

   CREATE SEQUENCE  "MARTI"."POS_ORDERS"  MINVALUE 1 MAXVALUE 9999999999999999999999999999 INCREMENT BY 1 START WITH 1716 NOCACHE  ORDER  NOCYCLE ;
--------------------------------------------------------
--  DDL for Sequence POS_ORDERS_ARCHIVE
--------------------------------------------------------

   CREATE SEQUENCE  "MARTI"."POS_ORDERS_ARCHIVE"  MINVALUE 1 MAXVALUE 9999999999999999999999999999 INCREMENT BY 1 START WITH 526 NOCACHE  ORDER  NOCYCLE ;
--------------------------------------------------------
--  DDL for Sequence POS_POSITION
--------------------------------------------------------

   CREATE SEQUENCE  "MARTI"."POS_POSITION"  MINVALUE 1 MAXVALUE 9999999999999999999999999999 INCREMENT BY 1 START WITH 12 NOCACHE  ORDER  NOCYCLE ;
--------------------------------------------------------
--  DDL for Sequence POS_RESERVED_TABLE
--------------------------------------------------------

   CREATE SEQUENCE  "MARTI"."POS_RESERVED_TABLE"  MINVALUE 1 MAXVALUE 9999999999999999999999999999 INCREMENT BY 1 START WITH 176 NOCACHE  ORDER  NOCYCLE ;
--------------------------------------------------------
--  DDL for Sequence POS_RTABLES
--------------------------------------------------------

   CREATE SEQUENCE  "MARTI"."POS_RTABLES"  MINVALUE 1 MAXVALUE 9999999999999999999999999999 INCREMENT BY 1 START WITH 483 NOCACHE  ORDER  NOCYCLE ;
--------------------------------------------------------
--  DDL for Sequence POS_TABLE_BILL
--------------------------------------------------------

   CREATE SEQUENCE  "MARTI"."POS_TABLE_BILL"  MINVALUE 1 MAXVALUE 9999999999999999999999999999 INCREMENT BY 1 START WITH 182 NOCACHE  ORDER  NOCYCLE ;
--------------------------------------------------------
--  DDL for Table EMPLOYEES
--------------------------------------------------------

  CREATE TABLE "MARTI"."EMPLOYEES" 
   (	"ID" NUMBER(*,0), 
	"FIRSTNAME" VARCHAR2(50 BYTE), 
	"LASTNAME" VARCHAR2(50 BYTE), 
	"EGN" VARCHAR2(10 BYTE), 
	"PASSWORD" VARCHAR2(64 BYTE), 
	"POS_ID" NUMBER(*,0), 
	"USERNAME" VARCHAR2(50 BYTE)
   ) SEGMENT CREATION IMMEDIATE 
  PCTFREE 10 PCTUSED 40 INITRANS 1 MAXTRANS 255 NOCOMPRESS LOGGING
  STORAGE(INITIAL 65536 NEXT 1048576 MINEXTENTS 1 MAXEXTENTS 2147483645
  PCTINCREASE 0 FREELISTS 1 FREELIST GROUPS 1 BUFFER_POOL DEFAULT FLASH_CACHE DEFAULT CELL_FLASH_CACHE DEFAULT)
  TABLESPACE "SYSTEM" ;
--------------------------------------------------------
--  DDL for Table MENU_ITEMS
--------------------------------------------------------

  CREATE TABLE "MARTI"."MENU_ITEMS" 
   (	"MID" NUMBER(*,0), 
	"ITEM" VARCHAR2(255 BYTE), 
	"PRICE" NUMBER
   ) SEGMENT CREATION IMMEDIATE 
  PCTFREE 10 PCTUSED 40 INITRANS 1 MAXTRANS 255 NOCOMPRESS LOGGING
  STORAGE(INITIAL 65536 NEXT 1048576 MINEXTENTS 1 MAXEXTENTS 2147483645
  PCTINCREASE 0 FREELISTS 1 FREELIST GROUPS 1 BUFFER_POOL DEFAULT FLASH_CACHE DEFAULT CELL_FLASH_CACHE DEFAULT)
  TABLESPACE "SYSTEM" ;
--------------------------------------------------------
--  DDL for Table ORDERS
--------------------------------------------------------

  CREATE TABLE "MARTI"."ORDERS" 
   (	"ORDERSID" NUMBER(*,0), 
	"TID" NUMBER(*,0), 
	"ID" NUMBER(*,0), 
	"MID" NUMBER(*,0), 
	"TIMEORDERING" TIMESTAMP (6), 
	"BILL" VARCHAR2(20 BYTE)
   ) SEGMENT CREATION IMMEDIATE 
  PCTFREE 10 PCTUSED 40 INITRANS 1 MAXTRANS 255 NOCOMPRESS LOGGING
  STORAGE(INITIAL 65536 NEXT 1048576 MINEXTENTS 1 MAXEXTENTS 2147483645
  PCTINCREASE 0 FREELISTS 1 FREELIST GROUPS 1 BUFFER_POOL DEFAULT FLASH_CACHE DEFAULT CELL_FLASH_CACHE DEFAULT)
  TABLESPACE "SYSTEM" ;
--------------------------------------------------------
--  DDL for Table ORDERS_ARCHIVE
--------------------------------------------------------

  CREATE TABLE "MARTI"."ORDERS_ARCHIVE" 
   (	"ARCHIVEID" NUMBER(*,0), 
	"ORDERSID" NUMBER(*,0), 
	"TID" NUMBER(*,0), 
	"ID" NUMBER(*,0), 
	"MID" NUMBER(*,0), 
	"TIMEORDERING" TIMESTAMP (6), 
	"BILL" VARCHAR2(20 BYTE)
   ) SEGMENT CREATION IMMEDIATE 
  PCTFREE 10 PCTUSED 40 INITRANS 1 MAXTRANS 255 NOCOMPRESS LOGGING
  STORAGE(INITIAL 65536 NEXT 1048576 MINEXTENTS 1 MAXEXTENTS 2147483645
  PCTINCREASE 0 FREELISTS 1 FREELIST GROUPS 1 BUFFER_POOL DEFAULT FLASH_CACHE DEFAULT CELL_FLASH_CACHE DEFAULT)
  TABLESPACE "SYSTEM" ;
--------------------------------------------------------
--  DDL for Table POSITIONS
--------------------------------------------------------

  CREATE TABLE "MARTI"."POSITIONS" 
   (	"POS_ID" NUMBER(*,0), 
	"POS_NAME" VARCHAR2(10 BYTE)
   ) SEGMENT CREATION IMMEDIATE 
  PCTFREE 10 PCTUSED 40 INITRANS 1 MAXTRANS 255 NOCOMPRESS LOGGING
  STORAGE(INITIAL 65536 NEXT 1048576 MINEXTENTS 1 MAXEXTENTS 2147483645
  PCTINCREASE 0 FREELISTS 1 FREELIST GROUPS 1 BUFFER_POOL DEFAULT FLASH_CACHE DEFAULT CELL_FLASH_CACHE DEFAULT)
  TABLESPACE "SYSTEM" ;
--------------------------------------------------------
--  DDL for Table RESERVED_TABLE
--------------------------------------------------------

  CREATE TABLE "MARTI"."RESERVED_TABLE" 
   (	"RTID" NUMBER(*,0), 
	"TID" NUMBER(*,0), 
	"ID" NUMBER(*,0)
   ) SEGMENT CREATION IMMEDIATE 
  PCTFREE 10 PCTUSED 40 INITRANS 1 MAXTRANS 255 NOCOMPRESS LOGGING
  STORAGE(INITIAL 65536 NEXT 1048576 MINEXTENTS 1 MAXEXTENTS 2147483645
  PCTINCREASE 0 FREELISTS 1 FREELIST GROUPS 1 BUFFER_POOL DEFAULT FLASH_CACHE DEFAULT CELL_FLASH_CACHE DEFAULT)
  TABLESPACE "SYSTEM" ;
--------------------------------------------------------
--  DDL for Table RTABLES
--------------------------------------------------------

  CREATE TABLE "MARTI"."RTABLES" 
   (	"TID" NUMBER(*,0), 
	"TNAME" VARCHAR2(3 BYTE), 
	"STATUS" VARCHAR2(20 BYTE)
   ) SEGMENT CREATION IMMEDIATE 
  PCTFREE 10 PCTUSED 40 INITRANS 1 MAXTRANS 255 NOCOMPRESS LOGGING
  STORAGE(INITIAL 65536 NEXT 1048576 MINEXTENTS 1 MAXEXTENTS 2147483645
  PCTINCREASE 0 FREELISTS 1 FREELIST GROUPS 1 BUFFER_POOL DEFAULT FLASH_CACHE DEFAULT CELL_FLASH_CACHE DEFAULT)
  TABLESPACE "SYSTEM" ;
REM INSERTING into MARTI.EMPLOYEES
SET DEFINE OFF;
Insert into MARTI.EMPLOYEES (ID,FIRSTNAME,LASTNAME,EGN,PASSWORD,POS_ID,USERNAME) values (6,'Aleks','Simeonov','8342768798','15bc0305c23e7c2129f5b25dd7ecdcc804e281ea32ae6b6161ab945a27394f94',1,'Aleks');
Insert into MARTI.EMPLOYEES (ID,FIRSTNAME,LASTNAME,EGN,PASSWORD,POS_ID,USERNAME) values (8,'Evgeni','Minkov','8443443664','bae8b80c3e9bc802b22f87eb4e66adeb6d46a9d6237f9e6711e1f759e1ea5e1c',2,'evg');
Insert into MARTI.EMPLOYEES (ID,FIRSTNAME,LASTNAME,EGN,PASSWORD,POS_ID,USERNAME) values (7,'Nikolai','Ivanov','8337652231','087dc7896b97911a582702b45ff1d41ffa3e142d0b000b0fbb11058188293cfc',2,'Niko');
REM INSERTING into MARTI.MENU_ITEMS
SET DEFINE OFF;
Insert into MARTI.MENU_ITEMS (MID,ITEM,PRICE) values (172,'картофи соте',6.99);
Insert into MARTI.MENU_ITEMS (MID,ITEM,PRICE) values (173,'кебапчета',5.99);
Insert into MARTI.MENU_ITEMS (MID,ITEM,PRICE) values (174,'кюфтета',5.99);
Insert into MARTI.MENU_ITEMS (MID,ITEM,PRICE) values (175,'нудли',8.99);
Insert into MARTI.MENU_ITEMS (MID,ITEM,PRICE) values (179,'паниран кашкавал',8.99);
Insert into MARTI.MENU_ITEMS (MID,ITEM,PRICE) values (177,'овчарска салата',8.99);
Insert into MARTI.MENU_ITEMS (MID,ITEM,PRICE) values (178,'овчарски шиш',8.99);
Insert into MARTI.MENU_ITEMS (MID,ITEM,PRICE) values (180,'пилешка супа',6.99);
Insert into MARTI.MENU_ITEMS (MID,ITEM,PRICE) values (228,'бира',6.9);
Insert into MARTI.MENU_ITEMS (MID,ITEM,PRICE) values (182,'пица беладжио',10.99);
Insert into MARTI.MENU_ITEMS (MID,ITEM,PRICE) values (183,'пица бергамо',10.99);
Insert into MARTI.MENU_ITEMS (MID,ITEM,PRICE) values (184,'пица капричоза',8.99);
Insert into MARTI.MENU_ITEMS (MID,ITEM,PRICE) values (185,'пица пеперони',9.99);
Insert into MARTI.MENU_ITEMS (MID,ITEM,PRICE) values (188,'равиоли четири сирена',10.99);
Insert into MARTI.MENU_ITEMS (MID,ITEM,PRICE) values (190,'равиоли с домати',7.6);
Insert into MARTI.MENU_ITEMS (MID,ITEM,PRICE) values (189,'равиоли с гъби',7.6);
Insert into MARTI.MENU_ITEMS (MID,ITEM,PRICE) values (191,'салата цезар',8.99);
Insert into MARTI.MENU_ITEMS (MID,ITEM,PRICE) values (192,'суши авокадо маки',7.99);
Insert into MARTI.MENU_ITEMS (MID,ITEM,PRICE) values (193,'суши с краставици',7.99);
Insert into MARTI.MENU_ITEMS (MID,ITEM,PRICE) values (194,'шопска салата',6.99);
Insert into MARTI.MENU_ITEMS (MID,ITEM,PRICE) values (195,'безалкохолно кола',2);
Insert into MARTI.MENU_ITEMS (MID,ITEM,PRICE) values (196,'билков чай',2.6);
Insert into MARTI.MENU_ITEMS (MID,ITEM,PRICE) values (197,'вино',21.99);
Insert into MARTI.MENU_ITEMS (MID,ITEM,PRICE) values (198,'плодов чай',2.6);
Insert into MARTI.MENU_ITEMS (MID,ITEM,PRICE) values (199,'сок портокал',2.99);
Insert into MARTI.MENU_ITEMS (MID,ITEM,PRICE) values (200,'сок от драконов плод',3.99);
Insert into MARTI.MENU_ITEMS (MID,ITEM,PRICE) values (201,'сок от череши',2.99);
Insert into MARTI.MENU_ITEMS (MID,ITEM,PRICE) values (202,'турски чай',3.2);
Insert into MARTI.MENU_ITEMS (MID,ITEM,PRICE) values (203,'чай от маточина',2.6);
Insert into MARTI.MENU_ITEMS (MID,ITEM,PRICE) values (204,'чай от мента',2.6);
Insert into MARTI.MENU_ITEMS (MID,ITEM,PRICE) values (231,'сок от червен портокал',2.99);
Insert into MARTI.MENU_ITEMS (MID,ITEM,PRICE) values (232,'гофрети',11.99);
REM INSERTING into MARTI.ORDERS
SET DEFINE OFF;
REM INSERTING into MARTI.ORDERS_ARCHIVE
SET DEFINE OFF;
Insert into MARTI.ORDERS_ARCHIVE (ARCHIVEID,ORDERSID,TID,ID,MID,TIMEORDERING,BILL) values (462,1338,445,6,189,to_timestamp('2025-06-28 15:36:37.000000000','RRRR-MM-DD HH24:MI:SSXFF'),'2909');
Insert into MARTI.ORDERS_ARCHIVE (ARCHIVEID,ORDERSID,TID,ID,MID,TIMEORDERING,BILL) values (463,1340,445,6,190,to_timestamp('2025-06-28 15:36:39.000000000','RRRR-MM-DD HH24:MI:SSXFF'),'2909');
Insert into MARTI.ORDERS_ARCHIVE (ARCHIVEID,ORDERSID,TID,ID,MID,TIMEORDERING,BILL) values (464,1343,445,6,188,to_timestamp('2025-06-28 15:36:41.000000000','RRRR-MM-DD HH24:MI:SSXFF'),'2909');
Insert into MARTI.ORDERS_ARCHIVE (ARCHIVEID,ORDERSID,TID,ID,MID,TIMEORDERING,BILL) values (465,1347,445,6,195,to_timestamp('2025-06-28 15:36:50.000000000','RRRR-MM-DD HH24:MI:SSXFF'),'2909');
Insert into MARTI.ORDERS_ARCHIVE (ARCHIVEID,ORDERSID,TID,ID,MID,TIMEORDERING,BILL) values (466,1352,443,7,231,to_timestamp('2025-06-28 15:37:07.000000000','RRRR-MM-DD HH24:MI:SSXFF'),'9577');
Insert into MARTI.ORDERS_ARCHIVE (ARCHIVEID,ORDERSID,TID,ID,MID,TIMEORDERING,BILL) values (467,1354,443,7,231,to_timestamp('2025-06-28 15:37:08.000000000','RRRR-MM-DD HH24:MI:SSXFF'),'9577');
Insert into MARTI.ORDERS_ARCHIVE (ARCHIVEID,ORDERSID,TID,ID,MID,TIMEORDERING,BILL) values (468,1357,471,7,179,to_timestamp('2025-06-28 15:37:45.000000000','RRRR-MM-DD HH24:MI:SSXFF'),'5498');
Insert into MARTI.ORDERS_ARCHIVE (ARCHIVEID,ORDERSID,TID,ID,MID,TIMEORDERING,BILL) values (469,1359,471,7,174,to_timestamp('2025-06-28 15:37:59.000000000','RRRR-MM-DD HH24:MI:SSXFF'),'5498');
Insert into MARTI.ORDERS_ARCHIVE (ARCHIVEID,ORDERSID,TID,ID,MID,TIMEORDERING,BILL) values (470,1362,444,6,184,to_timestamp('2025-06-28 15:40:23.000000000','RRRR-MM-DD HH24:MI:SSXFF'),'6775');
Insert into MARTI.ORDERS_ARCHIVE (ARCHIVEID,ORDERSID,TID,ID,MID,TIMEORDERING,BILL) values (471,1364,443,7,180,to_timestamp('2025-06-28 16:06:49.000000000','RRRR-MM-DD HH24:MI:SSXFF'),'1954');
Insert into MARTI.ORDERS_ARCHIVE (ARCHIVEID,ORDERSID,TID,ID,MID,TIMEORDERING,BILL) values (472,1366,471,7,195,to_timestamp('2025-06-28 16:07:12.000000000','RRRR-MM-DD HH24:MI:SSXFF'),'6902');
Insert into MARTI.ORDERS_ARCHIVE (ARCHIVEID,ORDERSID,TID,ID,MID,TIMEORDERING,BILL) values (473,1369,471,7,195,to_timestamp('2025-06-28 16:07:12.000000000','RRRR-MM-DD HH24:MI:SSXFF'),'6902');
Insert into MARTI.ORDERS_ARCHIVE (ARCHIVEID,ORDERSID,TID,ID,MID,TIMEORDERING,BILL) values (474,1373,444,6,180,to_timestamp('2025-06-28 16:25:52.000000000','RRRR-MM-DD HH24:MI:SSXFF'),'2176');
Insert into MARTI.ORDERS_ARCHIVE (ARCHIVEID,ORDERSID,TID,ID,MID,TIMEORDERING,BILL) values (475,1375,444,6,180,to_timestamp('2025-06-28 16:25:52.000000000','RRRR-MM-DD HH24:MI:SSXFF'),'2176');
Insert into MARTI.ORDERS_ARCHIVE (ARCHIVEID,ORDERSID,TID,ID,MID,TIMEORDERING,BILL) values (476,1378,444,6,180,to_timestamp('2025-06-28 16:25:52.000000000','RRRR-MM-DD HH24:MI:SSXFF'),'2176');
Insert into MARTI.ORDERS_ARCHIVE (ARCHIVEID,ORDERSID,TID,ID,MID,TIMEORDERING,BILL) values (460,1333,472,6,178,to_timestamp('2025-06-28 15:35:50.000000000','RRRR-MM-DD HH24:MI:SSXFF'),'5538');
Insert into MARTI.ORDERS_ARCHIVE (ARCHIVEID,ORDERSID,TID,ID,MID,TIMEORDERING,BILL) values (461,1335,472,6,199,to_timestamp('2025-06-28 15:35:57.000000000','RRRR-MM-DD HH24:MI:SSXFF'),'5538');
Insert into MARTI.ORDERS_ARCHIVE (ARCHIVEID,ORDERSID,TID,ID,MID,TIMEORDERING,BILL) values (477,1382,444,6,180,to_timestamp('2025-06-28 16:25:52.000000000','RRRR-MM-DD HH24:MI:SSXFF'),'2176');
Insert into MARTI.ORDERS_ARCHIVE (ARCHIVEID,ORDERSID,TID,ID,MID,TIMEORDERING,BILL) values (478,1387,444,6,180,to_timestamp('2025-06-28 16:25:52.000000000','RRRR-MM-DD HH24:MI:SSXFF'),'2176');
Insert into MARTI.ORDERS_ARCHIVE (ARCHIVEID,ORDERSID,TID,ID,MID,TIMEORDERING,BILL) values (479,1393,444,6,188,to_timestamp('2025-06-28 16:26:30.000000000','RRRR-MM-DD HH24:MI:SSXFF'),'9439');
Insert into MARTI.ORDERS_ARCHIVE (ARCHIVEID,ORDERSID,TID,ID,MID,TIMEORDERING,BILL) values (480,1395,444,6,188,to_timestamp('2025-06-28 16:26:31.000000000','RRRR-MM-DD HH24:MI:SSXFF'),'9439');
Insert into MARTI.ORDERS_ARCHIVE (ARCHIVEID,ORDERSID,TID,ID,MID,TIMEORDERING,BILL) values (481,1398,444,6,188,to_timestamp('2025-06-28 16:26:31.000000000','RRRR-MM-DD HH24:MI:SSXFF'),'9439');
Insert into MARTI.ORDERS_ARCHIVE (ARCHIVEID,ORDERSID,TID,ID,MID,TIMEORDERING,BILL) values (482,1402,444,6,188,to_timestamp('2025-06-28 16:26:31.000000000','RRRR-MM-DD HH24:MI:SSXFF'),'9439');
Insert into MARTI.ORDERS_ARCHIVE (ARCHIVEID,ORDERSID,TID,ID,MID,TIMEORDERING,BILL) values (483,1407,444,6,188,to_timestamp('2025-06-28 16:26:31.000000000','RRRR-MM-DD HH24:MI:SSXFF'),'9439');
Insert into MARTI.ORDERS_ARCHIVE (ARCHIVEID,ORDERSID,TID,ID,MID,TIMEORDERING,BILL) values (484,1413,444,6,188,to_timestamp('2025-06-28 16:26:31.000000000','RRRR-MM-DD HH24:MI:SSXFF'),'9439');
Insert into MARTI.ORDERS_ARCHIVE (ARCHIVEID,ORDERSID,TID,ID,MID,TIMEORDERING,BILL) values (485,1420,444,6,188,to_timestamp('2025-06-28 16:26:31.000000000','RRRR-MM-DD HH24:MI:SSXFF'),'9439');
Insert into MARTI.ORDERS_ARCHIVE (ARCHIVEID,ORDERSID,TID,ID,MID,TIMEORDERING,BILL) values (486,1428,471,6,190,to_timestamp('2025-06-28 16:27:26.000000000','RRRR-MM-DD HH24:MI:SSXFF'),'8085');
Insert into MARTI.ORDERS_ARCHIVE (ARCHIVEID,ORDERSID,TID,ID,MID,TIMEORDERING,BILL) values (487,1430,471,6,190,to_timestamp('2025-06-28 16:27:26.000000000','RRRR-MM-DD HH24:MI:SSXFF'),'8085');
Insert into MARTI.ORDERS_ARCHIVE (ARCHIVEID,ORDERSID,TID,ID,MID,TIMEORDERING,BILL) values (488,1433,471,6,190,to_timestamp('2025-06-28 16:27:26.000000000','RRRR-MM-DD HH24:MI:SSXFF'),'8085');
Insert into MARTI.ORDERS_ARCHIVE (ARCHIVEID,ORDERSID,TID,ID,MID,TIMEORDERING,BILL) values (489,1437,471,6,190,to_timestamp('2025-06-28 16:27:27.000000000','RRRR-MM-DD HH24:MI:SSXFF'),'8085');
Insert into MARTI.ORDERS_ARCHIVE (ARCHIVEID,ORDERSID,TID,ID,MID,TIMEORDERING,BILL) values (490,1442,471,6,189,to_timestamp('2025-06-28 16:27:35.000000000','RRRR-MM-DD HH24:MI:SSXFF'),'8085');
Insert into MARTI.ORDERS_ARCHIVE (ARCHIVEID,ORDERSID,TID,ID,MID,TIMEORDERING,BILL) values (491,1448,471,6,189,to_timestamp('2025-06-28 16:27:35.000000000','RRRR-MM-DD HH24:MI:SSXFF'),'8085');
Insert into MARTI.ORDERS_ARCHIVE (ARCHIVEID,ORDERSID,TID,ID,MID,TIMEORDERING,BILL) values (492,1455,471,6,189,to_timestamp('2025-06-28 16:27:35.000000000','RRRR-MM-DD HH24:MI:SSXFF'),'8085');
Insert into MARTI.ORDERS_ARCHIVE (ARCHIVEID,ORDERSID,TID,ID,MID,TIMEORDERING,BILL) values (493,1463,471,6,189,to_timestamp('2025-06-28 16:27:35.000000000','RRRR-MM-DD HH24:MI:SSXFF'),'8085');
Insert into MARTI.ORDERS_ARCHIVE (ARCHIVEID,ORDERSID,TID,ID,MID,TIMEORDERING,BILL) values (494,1472,471,6,190,to_timestamp('2025-06-28 16:28:10.000000000','RRRR-MM-DD HH24:MI:SSXFF'),'1423');
Insert into MARTI.ORDERS_ARCHIVE (ARCHIVEID,ORDERSID,TID,ID,MID,TIMEORDERING,BILL) values (495,1474,471,6,190,to_timestamp('2025-06-28 16:28:11.000000000','RRRR-MM-DD HH24:MI:SSXFF'),'1423');
Insert into MARTI.ORDERS_ARCHIVE (ARCHIVEID,ORDERSID,TID,ID,MID,TIMEORDERING,BILL) values (496,1477,471,6,190,to_timestamp('2025-06-28 16:28:11.000000000','RRRR-MM-DD HH24:MI:SSXFF'),'1423');
Insert into MARTI.ORDERS_ARCHIVE (ARCHIVEID,ORDERSID,TID,ID,MID,TIMEORDERING,BILL) values (497,1481,471,6,190,to_timestamp('2025-06-28 16:28:11.000000000','RRRR-MM-DD HH24:MI:SSXFF'),'1423');
Insert into MARTI.ORDERS_ARCHIVE (ARCHIVEID,ORDERSID,TID,ID,MID,TIMEORDERING,BILL) values (498,1486,471,6,190,to_timestamp('2025-06-28 16:28:11.000000000','RRRR-MM-DD HH24:MI:SSXFF'),'1423');
Insert into MARTI.ORDERS_ARCHIVE (ARCHIVEID,ORDERSID,TID,ID,MID,TIMEORDERING,BILL) values (499,1492,471,6,190,to_timestamp('2025-06-28 16:28:11.000000000','RRRR-MM-DD HH24:MI:SSXFF'),'1423');
Insert into MARTI.ORDERS_ARCHIVE (ARCHIVEID,ORDERSID,TID,ID,MID,TIMEORDERING,BILL) values (500,1499,471,6,190,to_timestamp('2025-06-28 16:28:11.000000000','RRRR-MM-DD HH24:MI:SSXFF'),'1423');
Insert into MARTI.ORDERS_ARCHIVE (ARCHIVEID,ORDERSID,TID,ID,MID,TIMEORDERING,BILL) values (501,1507,471,6,190,to_timestamp('2025-06-28 16:28:11.000000000','RRRR-MM-DD HH24:MI:SSXFF'),'1423');
Insert into MARTI.ORDERS_ARCHIVE (ARCHIVEID,ORDERSID,TID,ID,MID,TIMEORDERING,BILL) values (502,1516,471,6,190,to_timestamp('2025-06-28 16:28:11.000000000','RRRR-MM-DD HH24:MI:SSXFF'),'1423');
Insert into MARTI.ORDERS_ARCHIVE (ARCHIVEID,ORDERSID,TID,ID,MID,TIMEORDERING,BILL) values (503,1526,471,6,190,to_timestamp('2025-06-28 16:28:11.000000000','RRRR-MM-DD HH24:MI:SSXFF'),'1423');
Insert into MARTI.ORDERS_ARCHIVE (ARCHIVEID,ORDERSID,TID,ID,MID,TIMEORDERING,BILL) values (504,1537,444,6,189,to_timestamp('2025-06-28 16:28:40.000000000','RRRR-MM-DD HH24:MI:SSXFF'),'6960');
Insert into MARTI.ORDERS_ARCHIVE (ARCHIVEID,ORDERSID,TID,ID,MID,TIMEORDERING,BILL) values (505,1539,444,6,189,to_timestamp('2025-06-28 16:28:40.000000000','RRRR-MM-DD HH24:MI:SSXFF'),'6960');
Insert into MARTI.ORDERS_ARCHIVE (ARCHIVEID,ORDERSID,TID,ID,MID,TIMEORDERING,BILL) values (506,1542,444,6,189,to_timestamp('2025-06-28 16:28:40.000000000','RRRR-MM-DD HH24:MI:SSXFF'),'6960');
Insert into MARTI.ORDERS_ARCHIVE (ARCHIVEID,ORDERSID,TID,ID,MID,TIMEORDERING,BILL) values (507,1546,444,6,189,to_timestamp('2025-06-28 16:28:40.000000000','RRRR-MM-DD HH24:MI:SSXFF'),'6960');
Insert into MARTI.ORDERS_ARCHIVE (ARCHIVEID,ORDERSID,TID,ID,MID,TIMEORDERING,BILL) values (508,1551,444,6,189,to_timestamp('2025-06-28 16:28:40.000000000','RRRR-MM-DD HH24:MI:SSXFF'),'6960');
Insert into MARTI.ORDERS_ARCHIVE (ARCHIVEID,ORDERSID,TID,ID,MID,TIMEORDERING,BILL) values (509,1557,444,6,189,to_timestamp('2025-06-28 16:28:40.000000000','RRRR-MM-DD HH24:MI:SSXFF'),'6960');
Insert into MARTI.ORDERS_ARCHIVE (ARCHIVEID,ORDERSID,TID,ID,MID,TIMEORDERING,BILL) values (510,1564,444,6,189,to_timestamp('2025-06-28 16:28:40.000000000','RRRR-MM-DD HH24:MI:SSXFF'),'6960');
Insert into MARTI.ORDERS_ARCHIVE (ARCHIVEID,ORDERSID,TID,ID,MID,TIMEORDERING,BILL) values (511,1572,444,6,189,to_timestamp('2025-06-28 16:28:40.000000000','RRRR-MM-DD HH24:MI:SSXFF'),'6960');
Insert into MARTI.ORDERS_ARCHIVE (ARCHIVEID,ORDERSID,TID,ID,MID,TIMEORDERING,BILL) values (512,1581,444,6,189,to_timestamp('2025-06-28 16:28:40.000000000','RRRR-MM-DD HH24:MI:SSXFF'),'6960');
Insert into MARTI.ORDERS_ARCHIVE (ARCHIVEID,ORDERSID,TID,ID,MID,TIMEORDERING,BILL) values (513,1591,444,6,189,to_timestamp('2025-06-28 16:28:40.000000000','RRRR-MM-DD HH24:MI:SSXFF'),'6960');
Insert into MARTI.ORDERS_ARCHIVE (ARCHIVEID,ORDERSID,TID,ID,MID,TIMEORDERING,BILL) values (514,1602,444,6,189,to_timestamp('2025-06-28 16:28:40.000000000','RRRR-MM-DD HH24:MI:SSXFF'),'6960');
Insert into MARTI.ORDERS_ARCHIVE (ARCHIVEID,ORDERSID,TID,ID,MID,TIMEORDERING,BILL) values (515,1613,444,6,189,to_timestamp('2025-06-28 16:28:40.000000000','RRRR-MM-DD HH24:MI:SSXFF'),'6960');
Insert into MARTI.ORDERS_ARCHIVE (ARCHIVEID,ORDERSID,TID,ID,MID,TIMEORDERING,BILL) values (516,1624,444,6,189,to_timestamp('2025-06-28 16:28:40.000000000','RRRR-MM-DD HH24:MI:SSXFF'),'6960');
Insert into MARTI.ORDERS_ARCHIVE (ARCHIVEID,ORDERSID,TID,ID,MID,TIMEORDERING,BILL) values (517,1635,444,6,189,to_timestamp('2025-06-28 16:28:40.000000000','RRRR-MM-DD HH24:MI:SSXFF'),'6960');
Insert into MARTI.ORDERS_ARCHIVE (ARCHIVEID,ORDERSID,TID,ID,MID,TIMEORDERING,BILL) values (518,1646,444,6,189,to_timestamp('2025-06-28 16:28:40.000000000','RRRR-MM-DD HH24:MI:SSXFF'),'6960');
Insert into MARTI.ORDERS_ARCHIVE (ARCHIVEID,ORDERSID,TID,ID,MID,TIMEORDERING,BILL) values (519,1657,444,6,189,to_timestamp('2025-06-28 16:28:40.000000000','RRRR-MM-DD HH24:MI:SSXFF'),'6960');
Insert into MARTI.ORDERS_ARCHIVE (ARCHIVEID,ORDERSID,TID,ID,MID,TIMEORDERING,BILL) values (520,1668,444,6,189,to_timestamp('2025-06-28 16:28:40.000000000','RRRR-MM-DD HH24:MI:SSXFF'),'6960');
Insert into MARTI.ORDERS_ARCHIVE (ARCHIVEID,ORDERSID,TID,ID,MID,TIMEORDERING,BILL) values (521,1679,444,6,189,to_timestamp('2025-06-28 16:28:40.000000000','RRRR-MM-DD HH24:MI:SSXFF'),'6960');
Insert into MARTI.ORDERS_ARCHIVE (ARCHIVEID,ORDERSID,TID,ID,MID,TIMEORDERING,BILL) values (522,1690,444,6,189,to_timestamp('2025-06-28 16:28:40.000000000','RRRR-MM-DD HH24:MI:SSXFF'),'6960');
Insert into MARTI.ORDERS_ARCHIVE (ARCHIVEID,ORDERSID,TID,ID,MID,TIMEORDERING,BILL) values (523,1701,444,6,189,to_timestamp('2025-06-28 16:28:40.000000000','RRRR-MM-DD HH24:MI:SSXFF'),'6960');
Insert into MARTI.ORDERS_ARCHIVE (ARCHIVEID,ORDERSID,TID,ID,MID,TIMEORDERING,BILL) values (524,1712,444,6,231,to_timestamp('2025-06-29 11:15:14.000000000','RRRR-MM-DD HH24:MI:SSXFF'),'0224');
Insert into MARTI.ORDERS_ARCHIVE (ARCHIVEID,ORDERSID,TID,ID,MID,TIMEORDERING,BILL) values (525,1714,471,6,199,to_timestamp('2025-07-02 17:38:37.000000000','RRRR-MM-DD HH24:MI:SSXFF'),'8736');
REM INSERTING into MARTI.POSITIONS
SET DEFINE OFF;
Insert into MARTI.POSITIONS (POS_ID,POS_NAME) values (1,'Boss');
Insert into MARTI.POSITIONS (POS_ID,POS_NAME) values (2,'Waiter');
REM INSERTING into MARTI.RESERVED_TABLE
SET DEFINE OFF;
REM INSERTING into MARTI.RTABLES
SET DEFINE OFF;
Insert into MARTI.RTABLES (TID,TNAME,STATUS) values (443,'1','Свободна');
Insert into MARTI.RTABLES (TID,TNAME,STATUS) values (445,'3','Свободна');
Insert into MARTI.RTABLES (TID,TNAME,STATUS) values (444,'2','Свободна');
Insert into MARTI.RTABLES (TID,TNAME,STATUS) values (471,'5','Свободна');
Insert into MARTI.RTABLES (TID,TNAME,STATUS) values (449,'4','Свободна');
Insert into MARTI.RTABLES (TID,TNAME,STATUS) values (472,'6','Свободна');
--------------------------------------------------------
--  DDL for Index UNIQUE_E
--------------------------------------------------------

  CREATE UNIQUE INDEX "MARTI"."UNIQUE_E" ON "MARTI"."EMPLOYEES" ("EGN") 
  PCTFREE 10 INITRANS 2 MAXTRANS 255 COMPUTE STATISTICS 
  STORAGE(INITIAL 65536 NEXT 1048576 MINEXTENTS 1 MAXEXTENTS 2147483645
  PCTINCREASE 0 FREELISTS 1 FREELIST GROUPS 1 BUFFER_POOL DEFAULT FLASH_CACHE DEFAULT CELL_FLASH_CACHE DEFAULT)
  TABLESPACE "SYSTEM" ;
--------------------------------------------------------
--  DDL for Index UNIQUE_P
--------------------------------------------------------

  CREATE UNIQUE INDEX "MARTI"."UNIQUE_P" ON "MARTI"."EMPLOYEES" ("PASSWORD") 
  PCTFREE 10 INITRANS 2 MAXTRANS 255 COMPUTE STATISTICS 
  STORAGE(INITIAL 65536 NEXT 1048576 MINEXTENTS 1 MAXEXTENTS 2147483645
  PCTINCREASE 0 FREELISTS 1 FREELIST GROUPS 1 BUFFER_POOL DEFAULT FLASH_CACHE DEFAULT CELL_FLASH_CACHE DEFAULT)
  TABLESPACE "SYSTEM" ;
--------------------------------------------------------
--  DDL for Index UNIQUE_ITEM
--------------------------------------------------------

  CREATE UNIQUE INDEX "MARTI"."UNIQUE_ITEM" ON "MARTI"."MENU_ITEMS" ("ITEM") 
  PCTFREE 10 INITRANS 2 MAXTRANS 255 COMPUTE STATISTICS 
  STORAGE(INITIAL 65536 NEXT 1048576 MINEXTENTS 1 MAXEXTENTS 2147483645
  PCTINCREASE 0 FREELISTS 1 FREELIST GROUPS 1 BUFFER_POOL DEFAULT FLASH_CACHE DEFAULT CELL_FLASH_CACHE DEFAULT)
  TABLESPACE "SYSTEM" ;
--------------------------------------------------------
--  DDL for Index UNIQUE_U
--------------------------------------------------------

  CREATE UNIQUE INDEX "MARTI"."UNIQUE_U" ON "MARTI"."EMPLOYEES" ("USERNAME") 
  PCTFREE 10 INITRANS 2 MAXTRANS 255 COMPUTE STATISTICS 
  STORAGE(INITIAL 65536 NEXT 1048576 MINEXTENTS 1 MAXEXTENTS 2147483645
  PCTINCREASE 0 FREELISTS 1 FREELIST GROUPS 1 BUFFER_POOL DEFAULT FLASH_CACHE DEFAULT CELL_FLASH_CACHE DEFAULT)
  TABLESPACE "SYSTEM" ;
--------------------------------------------------------
--  DDL for Trigger MENU_ITEMS_ID_AUTO
--------------------------------------------------------

  CREATE OR REPLACE TRIGGER "MARTI"."MENU_ITEMS_ID_AUTO" 
BEFORE INSERT ON Menu_Items  
FOR EACH ROW  
 WHEN (NEW.mID IS NULL) BEGIN 
:NEW.mID := m_ID.NEXTVAL; 
END; 
/
ALTER TRIGGER "MARTI"."MENU_ITEMS_ID_AUTO" ENABLE;
--------------------------------------------------------
--  DDL for Trigger ORDERS_ARCHIVE_ID_AUTO
--------------------------------------------------------

  CREATE OR REPLACE TRIGGER "MARTI"."ORDERS_ARCHIVE_ID_AUTO" 
BEFORE INSERT ON Orders_Archive
FOR EACH ROW  
 WHEN (NEW.archiveID IS NULL) BEGIN 
:NEW.archiveID := POS_ORDERS_ARCHIVE.NEXTVAL; 
END; 
/
ALTER TRIGGER "MARTI"."ORDERS_ARCHIVE_ID_AUTO" ENABLE;
--------------------------------------------------------
--  DDL for Trigger ORDERS_ID_AUTO
--------------------------------------------------------

  CREATE OR REPLACE TRIGGER "MARTI"."ORDERS_ID_AUTO" 
BEFORE INSERT ON Orders  
FOR EACH ROW  
 WHEN (NEW.ordersID IS NULL) BEGIN 
:NEW.ordersID := POS_ORDERS.NEXTVAL; 
END; 
/
ALTER TRIGGER "MARTI"."ORDERS_ID_AUTO" ENABLE;
--------------------------------------------------------
--  DDL for Trigger POS_ID_AUTO
--------------------------------------------------------

  CREATE OR REPLACE TRIGGER "MARTI"."POS_ID_AUTO" 
BEFORE INSERT ON EMPLOYEES  
FOR EACH ROW  
 WHEN (NEW.ID IS NULL) BEGIN 
:NEW.ID := POS_EMPLO.NEXTVAL; 
END; 
/
ALTER TRIGGER "MARTI"."POS_ID_AUTO" ENABLE;
--------------------------------------------------------
--  DDL for Trigger POSITIONS_ID_AUTO
--------------------------------------------------------

  CREATE OR REPLACE TRIGGER "MARTI"."POSITIONS_ID_AUTO" 
BEFORE INSERT ON Positions  
FOR EACH ROW  
 WHEN (NEW.Pos_id IS NULL) BEGIN 
:NEW.Pos_id := POS_position.NEXTVAL; 
END; 
/
ALTER TRIGGER "MARTI"."POSITIONS_ID_AUTO" ENABLE;
--------------------------------------------------------
--  DDL for Trigger RESERVED_TABLE_ID_AUTO
--------------------------------------------------------

  CREATE OR REPLACE TRIGGER "MARTI"."RESERVED_TABLE_ID_AUTO" 
BEFORE INSERT ON RESERVED_TABLE 
FOR EACH ROW  
 WHEN (NEW.RTID IS NULL) BEGIN 
:NEW.RTID := POS_RESERVED_TABLE.NEXTVAL; 
END;
/
ALTER TRIGGER "MARTI"."RESERVED_TABLE_ID_AUTO" ENABLE;
--------------------------------------------------------
--  DDL for Trigger RTABLES_ID_AUTO
--------------------------------------------------------

  CREATE OR REPLACE TRIGGER "MARTI"."RTABLES_ID_AUTO" 
BEFORE INSERT ON Rtables  
FOR EACH ROW  
 WHEN (NEW.tID IS NULL) BEGIN 
:NEW.tID := POS_rtables.NEXTVAL; 
END; 
/
ALTER TRIGGER "MARTI"."RTABLES_ID_AUTO" ENABLE;
--------------------------------------------------------
--  DDL for Procedure D_ALLORDERS_ARCHIVE
--------------------------------------------------------
set define off;

  CREATE OR REPLACE PROCEDURE "MARTI"."D_ALLORDERS_ARCHIVE" 
AS
 BEGIN 
 DELETE FROM ORDERS_ARCHIVE;
 END;

/
--------------------------------------------------------
--  DDL for Procedure D_EMPLOYEES
--------------------------------------------------------
set define off;

  CREATE OR REPLACE PROCEDURE "MARTI"."D_EMPLOYEES" 
	        (eID employees.ID%TYPE)
            AS
			 BEGIN 
			 DELETE FROM employees WHERE  ID = eID;
			END;

/
--------------------------------------------------------
--  DDL for Procedure D_MENU_ITEMS
--------------------------------------------------------
set define off;

  CREATE OR REPLACE PROCEDURE "MARTI"."D_MENU_ITEMS" 
	        (m_ID MENU_ITEMS.mID%TYPE)
            AS
			 BEGIN 
			 DELETE FROM MENU_ITEMS WHERE  mID = m_ID;
			END;

/
--------------------------------------------------------
--  DDL for Procedure D_ORDERS
--------------------------------------------------------
set define off;

  CREATE OR REPLACE PROCEDURE "MARTI"."D_ORDERS" 
(oID ORDERS.ORDERSID%TYPE)
AS
 BEGIN 
 DELETE FROM ORDERS WHERE  ORDERSID = oID;
END;

/
--------------------------------------------------------
--  DDL for Procedure D_ORDERS_ARCHIVE
--------------------------------------------------------
set define off;

  CREATE OR REPLACE PROCEDURE "MARTI"."D_ORDERS_ARCHIVE" 
(oID orders_archive.ordersid%TYPE)
  AS
    BEGIN 
    DELETE FROM ORDERS_ARCHIVE WHERE ordersid = oID;
    END;

/
--------------------------------------------------------
--  DDL for Procedure D_RESERVED_TABLE
--------------------------------------------------------
set define off;

  CREATE OR REPLACE PROCEDURE "MARTI"."D_RESERVED_TABLE" 
	        (Table_ID RESERVED_TABLE.TID%TYPE)
            AS
			 BEGIN 
			 DELETE FROM RESERVED_TABLE WHERE TID = Table_ID;
			END;

/
--------------------------------------------------------
--  DDL for Procedure D_RTABLES
--------------------------------------------------------
set define off;

  CREATE OR REPLACE PROCEDURE "MARTI"."D_RTABLES" 
	        (t_ID RTABLES.TID%TYPE)
            AS
			 BEGIN 
			 DELETE FROM RTABLES WHERE TID = t_ID;
			END;

/
--------------------------------------------------------
--  DDL for Procedure P_EMPLOYEES
--------------------------------------------------------
set define off;

  CREATE OR REPLACE PROCEDURE "MARTI"."P_EMPLOYEES" 
(FNAME EMPLOYEES.Firstname%TYPE,
LNAME EMPLOYEES.Lastname%TYPE,
EGN EMPLOYEES.EGN%TYPE,
Pass EMPLOYEES.Password%TYPE,
PNAME EMPLOYEES.pos_id%TYPE,
usern employees.username%TYPE)
AS
 BEGIN
 INSERT INTO EMPLOYEES(Firstname,Lastname,EGN,Password,pos_id,USERNAME)
 Values (FNAME,LNAME,EGN,Pass,PNAME,usern);
END;

/
--------------------------------------------------------
--  DDL for Procedure P_MENU_ITEMS
--------------------------------------------------------
set define off;

  CREATE OR REPLACE PROCEDURE "MARTI"."P_MENU_ITEMS" 
(mitem Menu_Items.item%TYPE,
mprice Menu_Items.price%TYPE)
AS
 BEGIN
 INSERT INTO Menu_Items(item,price)
 Values (mitem,mprice);
END;

/
--------------------------------------------------------
--  DDL for Procedure P_ORDERS
--------------------------------------------------------
set define off;

  CREATE OR REPLACE PROCEDURE "MARTI"."P_ORDERS" 
(rtID Orders.tID%TYPE,
eID Orders.ID%TYPE,
menuID Orders.mID%TYPE,
otime Orders.timeordering%TYPE,
tbbill Orders.bill%TYPE)
AS
 BEGIN
 INSERT INTO Orders(tID,ID,mID,timeordering,bill)
 Values (rtID,eID,menuID,otime,tbbill);
END;

/
--------------------------------------------------------
--  DDL for Procedure P_ORDERS_ARCHIVE
--------------------------------------------------------
set define off;

  CREATE OR REPLACE PROCEDURE "MARTI"."P_ORDERS_ARCHIVE" 
(oID orders_archive.ordersid%TYPE,
rtID Orders_Archive.tID%TYPE,
eID Orders_Archive.ID%TYPE,
menuID Orders_Archive.mID%TYPE,
otime Orders_Archive.timeordering%TYPE,
tbbill Orders_Archive.bill%TYPE)
AS
 BEGIN
 INSERT INTO Orders_Archive(ordersid,tID,ID,mID,timeordering,bill)
 Values (oID,rtID,eID,menuID,otime,tbbill);
END;

/
--------------------------------------------------------
--  DDL for Procedure P_POSITIONS
--------------------------------------------------------
set define off;

  CREATE OR REPLACE PROCEDURE "MARTI"."P_POSITIONS" 
(PNAME positions.pos_name%TYPE)
AS
 BEGIN
 INSERT INTO Positions(pos_name)
 Values (PNAME);
END;

/
--------------------------------------------------------
--  DDL for Procedure P_RESERVED_TABLE
--------------------------------------------------------
set define off;

  CREATE OR REPLACE PROCEDURE "MARTI"."P_RESERVED_TABLE" 
(TableID RESERVED_TABLE.TID%TYPE,
EID reserved_table.ID%TYPE)
AS
 BEGIN
 INSERT INTO RESERVED_TABLE(TID,ID)
 Values (TableID,EID);
END;

/
--------------------------------------------------------
--  DDL for Procedure P_RTABLES
--------------------------------------------------------
set define off;

  CREATE OR REPLACE PROCEDURE "MARTI"."P_RTABLES" 
(tname Rtables.tNAME%TYPE,
tstatus Rtables.status%TYPE)
AS
 BEGIN
 INSERT INTO Rtables(tNAME,status)
 Values (tname,tstatus);
END;

/
--------------------------------------------------------
--  DDL for Procedure PSTATUSA
--------------------------------------------------------
set define off;

  CREATE OR REPLACE PROCEDURE "MARTI"."PSTATUSA" 
    (t_ID RTABLES.TID%TYPE)
    AS
     BEGIN
     UPDATE RTABLES SET STATUS = 'Свободна'
     WHERE TID = t_ID;
     END;

/
--------------------------------------------------------
--  DDL for Procedure PSTATUSB
--------------------------------------------------------
set define off;

  CREATE OR REPLACE PROCEDURE "MARTI"."PSTATUSB" 
    (t_ID RTABLES.TID%TYPE)
    AS
     BEGIN
     UPDATE RTABLES SET STATUS = 'Затворена'
     WHERE TID = t_ID;
     END;

/
--------------------------------------------------------
--  DDL for Procedure UP_EMPLOYEES
--------------------------------------------------------
set define off;

  CREATE OR REPLACE PROCEDURE "MARTI"."UP_EMPLOYEES" 
	        (eID employees.ID%TYPE,
            fname employees.firstname%TYPE,
            lname employees.lastname%TYPE,
            eEGN employees.EGN%TYPE,
            epass employees.password%TYPE,
            idpos employees.pos_id%TYPE,
            usern employees.username%TYPE)
            AS
			 BEGIN 
			 UPDATE employees SET firstname = fname,
             lastname = lname,
             EGN = eEGN,
             password = epass,
             pos_id = idpos,
             username = usern
              WHERE ID = eID;
			END;

/
--------------------------------------------------------
--  DDL for Procedure UP_ORDERS
--------------------------------------------------------
set define off;

  CREATE OR REPLACE PROCEDURE "MARTI"."UP_ORDERS" 
	        (oID ORDERS.ORDERSID%TYPE,
            omID orders.mid%TYPE)
            AS
			 BEGIN 
			 UPDATE ORDERS SET mid = omID
             WHERE  ORDERSID = oID;
			END;

/
--------------------------------------------------------
--  DDL for Procedure UP_ORDERS_ARCHIVE
--------------------------------------------------------
set define off;

  CREATE OR REPLACE PROCEDURE "MARTI"."UP_ORDERS_ARCHIVE" 
(oID orders_archive.ordersid%TYPE,
omID ORDERS_ARCHIVE.mid%TYPE)
  AS
    BEGIN
    UPDATE ORDERS_ARCHIVE SET  mid = omID
    WHERE  ordersid = oID;
    END;

/
--------------------------------------------------------
--  Constraints for Table EMPLOYEES
--------------------------------------------------------

  ALTER TABLE "MARTI"."EMPLOYEES" ADD CONSTRAINT "UNIQUE_U" UNIQUE ("USERNAME")
  USING INDEX PCTFREE 10 INITRANS 2 MAXTRANS 255 COMPUTE STATISTICS 
  STORAGE(INITIAL 65536 NEXT 1048576 MINEXTENTS 1 MAXEXTENTS 2147483645
  PCTINCREASE 0 FREELISTS 1 FREELIST GROUPS 1 BUFFER_POOL DEFAULT FLASH_CACHE DEFAULT CELL_FLASH_CACHE DEFAULT)
  TABLESPACE "SYSTEM"  ENABLE;
  ALTER TABLE "MARTI"."EMPLOYEES" ADD CONSTRAINT "UNIQUE_E" UNIQUE ("EGN")
  USING INDEX PCTFREE 10 INITRANS 2 MAXTRANS 255 COMPUTE STATISTICS 
  STORAGE(INITIAL 65536 NEXT 1048576 MINEXTENTS 1 MAXEXTENTS 2147483645
  PCTINCREASE 0 FREELISTS 1 FREELIST GROUPS 1 BUFFER_POOL DEFAULT FLASH_CACHE DEFAULT CELL_FLASH_CACHE DEFAULT)
  TABLESPACE "SYSTEM"  ENABLE;
  ALTER TABLE "MARTI"."EMPLOYEES" ADD CONSTRAINT "UNIQUE_P" UNIQUE ("PASSWORD")
  USING INDEX PCTFREE 10 INITRANS 2 MAXTRANS 255 COMPUTE STATISTICS 
  STORAGE(INITIAL 65536 NEXT 1048576 MINEXTENTS 1 MAXEXTENTS 2147483645
  PCTINCREASE 0 FREELISTS 1 FREELIST GROUPS 1 BUFFER_POOL DEFAULT FLASH_CACHE DEFAULT CELL_FLASH_CACHE DEFAULT)
  TABLESPACE "SYSTEM"  ENABLE;
  ALTER TABLE "MARTI"."EMPLOYEES" ADD PRIMARY KEY ("ID")
  USING INDEX PCTFREE 10 INITRANS 2 MAXTRANS 255 COMPUTE STATISTICS 
  STORAGE(INITIAL 65536 NEXT 1048576 MINEXTENTS 1 MAXEXTENTS 2147483645
  PCTINCREASE 0 FREELISTS 1 FREELIST GROUPS 1 BUFFER_POOL DEFAULT FLASH_CACHE DEFAULT CELL_FLASH_CACHE DEFAULT)
  TABLESPACE "SYSTEM"  ENABLE;
--------------------------------------------------------
--  Constraints for Table RTABLES
--------------------------------------------------------

  ALTER TABLE "MARTI"."RTABLES" ADD PRIMARY KEY ("TID")
  USING INDEX PCTFREE 10 INITRANS 2 MAXTRANS 255 COMPUTE STATISTICS 
  STORAGE(INITIAL 65536 NEXT 1048576 MINEXTENTS 1 MAXEXTENTS 2147483645
  PCTINCREASE 0 FREELISTS 1 FREELIST GROUPS 1 BUFFER_POOL DEFAULT FLASH_CACHE DEFAULT CELL_FLASH_CACHE DEFAULT)
  TABLESPACE "SYSTEM"  ENABLE;
--------------------------------------------------------
--  Constraints for Table RESERVED_TABLE
--------------------------------------------------------

  ALTER TABLE "MARTI"."RESERVED_TABLE" ADD PRIMARY KEY ("RTID")
  USING INDEX PCTFREE 10 INITRANS 2 MAXTRANS 255 COMPUTE STATISTICS 
  STORAGE(INITIAL 65536 NEXT 1048576 MINEXTENTS 1 MAXEXTENTS 2147483645
  PCTINCREASE 0 FREELISTS 1 FREELIST GROUPS 1 BUFFER_POOL DEFAULT FLASH_CACHE DEFAULT CELL_FLASH_CACHE DEFAULT)
  TABLESPACE "SYSTEM"  ENABLE;
--------------------------------------------------------
--  Constraints for Table ORDERS_ARCHIVE
--------------------------------------------------------

  ALTER TABLE "MARTI"."ORDERS_ARCHIVE" ADD PRIMARY KEY ("ARCHIVEID")
  USING INDEX PCTFREE 10 INITRANS 2 MAXTRANS 255 COMPUTE STATISTICS 
  STORAGE(INITIAL 65536 NEXT 1048576 MINEXTENTS 1 MAXEXTENTS 2147483645
  PCTINCREASE 0 FREELISTS 1 FREELIST GROUPS 1 BUFFER_POOL DEFAULT FLASH_CACHE DEFAULT CELL_FLASH_CACHE DEFAULT)
  TABLESPACE "SYSTEM"  ENABLE;
--------------------------------------------------------
--  Constraints for Table POSITIONS
--------------------------------------------------------

  ALTER TABLE "MARTI"."POSITIONS" ADD PRIMARY KEY ("POS_ID")
  USING INDEX PCTFREE 10 INITRANS 2 MAXTRANS 255 COMPUTE STATISTICS 
  STORAGE(INITIAL 65536 NEXT 1048576 MINEXTENTS 1 MAXEXTENTS 2147483645
  PCTINCREASE 0 FREELISTS 1 FREELIST GROUPS 1 BUFFER_POOL DEFAULT FLASH_CACHE DEFAULT CELL_FLASH_CACHE DEFAULT)
  TABLESPACE "SYSTEM"  ENABLE;
--------------------------------------------------------
--  Constraints for Table MENU_ITEMS
--------------------------------------------------------

  ALTER TABLE "MARTI"."MENU_ITEMS" ADD CONSTRAINT "UNIQUE_ITEM" UNIQUE ("ITEM")
  USING INDEX PCTFREE 10 INITRANS 2 MAXTRANS 255 COMPUTE STATISTICS 
  STORAGE(INITIAL 65536 NEXT 1048576 MINEXTENTS 1 MAXEXTENTS 2147483645
  PCTINCREASE 0 FREELISTS 1 FREELIST GROUPS 1 BUFFER_POOL DEFAULT FLASH_CACHE DEFAULT CELL_FLASH_CACHE DEFAULT)
  TABLESPACE "SYSTEM"  ENABLE;
  ALTER TABLE "MARTI"."MENU_ITEMS" ADD PRIMARY KEY ("MID")
  USING INDEX PCTFREE 10 INITRANS 2 MAXTRANS 255 COMPUTE STATISTICS 
  STORAGE(INITIAL 65536 NEXT 1048576 MINEXTENTS 1 MAXEXTENTS 2147483645
  PCTINCREASE 0 FREELISTS 1 FREELIST GROUPS 1 BUFFER_POOL DEFAULT FLASH_CACHE DEFAULT CELL_FLASH_CACHE DEFAULT)
  TABLESPACE "SYSTEM"  ENABLE;
--------------------------------------------------------
--  Constraints for Table ORDERS
--------------------------------------------------------

  ALTER TABLE "MARTI"."ORDERS" ADD PRIMARY KEY ("ORDERSID")
  USING INDEX PCTFREE 10 INITRANS 2 MAXTRANS 255 COMPUTE STATISTICS 
  STORAGE(INITIAL 65536 NEXT 1048576 MINEXTENTS 1 MAXEXTENTS 2147483645
  PCTINCREASE 0 FREELISTS 1 FREELIST GROUPS 1 BUFFER_POOL DEFAULT FLASH_CACHE DEFAULT CELL_FLASH_CACHE DEFAULT)
  TABLESPACE "SYSTEM"  ENABLE;
--------------------------------------------------------
--  Ref Constraints for Table EMPLOYEES
--------------------------------------------------------

  ALTER TABLE "MARTI"."EMPLOYEES" ADD FOREIGN KEY ("POS_ID")
	  REFERENCES "MARTI"."POSITIONS" ("POS_ID") ENABLE;
--------------------------------------------------------
--  Ref Constraints for Table ORDERS
--------------------------------------------------------

  ALTER TABLE "MARTI"."ORDERS" ADD FOREIGN KEY ("TID")
	  REFERENCES "MARTI"."RTABLES" ("TID") ENABLE;
  ALTER TABLE "MARTI"."ORDERS" ADD FOREIGN KEY ("ID")
	  REFERENCES "MARTI"."EMPLOYEES" ("ID") ENABLE;
  ALTER TABLE "MARTI"."ORDERS" ADD FOREIGN KEY ("MID")
	  REFERENCES "MARTI"."MENU_ITEMS" ("MID") ENABLE;
--------------------------------------------------------
--  Ref Constraints for Table ORDERS_ARCHIVE
--------------------------------------------------------

  ALTER TABLE "MARTI"."ORDERS_ARCHIVE" ADD FOREIGN KEY ("TID")
	  REFERENCES "MARTI"."RTABLES" ("TID") ENABLE;
  ALTER TABLE "MARTI"."ORDERS_ARCHIVE" ADD FOREIGN KEY ("ID")
	  REFERENCES "MARTI"."EMPLOYEES" ("ID") ENABLE;
  ALTER TABLE "MARTI"."ORDERS_ARCHIVE" ADD FOREIGN KEY ("MID")
	  REFERENCES "MARTI"."MENU_ITEMS" ("MID") ENABLE;
--------------------------------------------------------
--  Ref Constraints for Table RESERVED_TABLE
--------------------------------------------------------

  ALTER TABLE "MARTI"."RESERVED_TABLE" ADD FOREIGN KEY ("TID")
	  REFERENCES "MARTI"."RTABLES" ("TID") ENABLE;
  ALTER TABLE "MARTI"."RESERVED_TABLE" ADD FOREIGN KEY ("ID")
	  REFERENCES "MARTI"."EMPLOYEES" ("ID") ENABLE;
